handle,source,school,lang,name,followers,statuses,originals_per_y,asset_hit_rate,probe_n,last_tweet,bio_score,bio
rektcapital,seed,Technical,en,Rekt Capital,562853,47033,1452,0.97,40,Tue Sep 15 14:32,4,Crypto Investor/Analyst  Writes RC Newsletter: https://t.co/pFp14Jbs2r  Follow for level-headed insights on Bitcoin and Altcoins
BitcoinFear,following,,,Bitcoin Fear and Greed Index,0,0,223,0.9,40,Thu Sep 10 01:00,0,sometimes accurate
100trillionUSD,seed+following,Quant,en,PlanB,0,0,65,0.88,40,Mon Sep 14 09:32,0,"All models are wrong, some are useful. DYOR! 👉 https://t.co/4UQOQ8eRA3"
nsquaredvalue,following,,,Timothy Peterson,0,0,811,0.82,40,Tue Sep 15 14:35,3,"Bitcoin Pathfinder | Network Economist | CFA, CAIA Author of ""The Bitcoin Investment Handbook"" & ""Metcalfe's Law as a Model for #Bitcoin's  ₿ Value"""
ki_young_ju,seed,Crypto,en,Ki Young Ju,434316,4444,163,0.78,40,Mon Sep 14 16:40,0,Alpha Collector | Founder @CryptoQuant_com
MMCrypto,following,,,MMCrypto,0,0,199,0.57,40,Tue Sep 15 09:49,2,"for #Bitcoin, #BTC, $BTC; for Health: @ChrisMMHealth"
TradeOrNotTrade,following,,,Crypto Yoda,0,0,24,0.55,40,Mon Jun 03 09:02,1,Trend Trader My signals: https://t.co/OuxzgxnGv7🎯 Tradingview profile: https://t.co/qTVK5G00op 📈
wolfcapitalist,following,,,Luis,0,0,17,0.53,40,Tue Sep 15 08:49,2,Investments | Geopolitics | Technology | Stocks | Crypto | AI  Not financial advice
goldtelegraph_,seed,Goldbug,en,,,,1098,0.47,40,Tue Sep 01 05:33,,
saylor,seed,Crypto,en,Michael Saylor,5204541,8222,2048,0.45,40,Tue Sep 15 15:19,2,Bitcoin is https://t.co/KbbYe74DgB | $BTC Hodler | @Strategy Founder & Chairman | bio https://t.co/9Zlq0oHYnP | free education https://t.co/4L1s0ix7FE | $MSTR $STRC
caprioleio,seed,Crypto,en,Charles Edwards,132576,8441,287,0.45,40,Mon Sep 14 22:16,1,Investor and founder. @Capriole_fund  Posts not investment advice.
citrea_xyz,following,,,Citrea | Mainnet Live 🍊🍋,0,0,257,0.45,40,Tue Sep 15 14:14,2,"Citrea is the Bitcoin's application layer, enabling institutions and users to access Bitcoin capital markets.  Mainnet is Live → https://t.co/prCRpathbk"
jsblokland,seed,Macro,en,jeroen blokland,123571,38541,497,0.38,40,Tue Sep 15 13:58,0,Founder of Prestige Investment Partners. Manager of the Blokland Smart Multi-Asset & Sound Money Fund. Scarce assets. Author of The Great Rebalancing.
WinC300,following,,,WinningCircle,0,0,275,0.38,40,Mon Sep 14 18:37,1,Finansal okuryazarlık ve bilinçli yatırım - 2023 Bitfinex Trade Master Şampiyonu - 2024 OKX Trade Yarışması Türkiye Birincisi - WSOT 2025 Türkiye Birincisi
GokhanGark,following,,,Gokhan Gark,0,0,124,0.38,40,Mon Sep 14 19:35,0,"Anlattığım her şey hayal ürünüdür.  Paylaşımlarımı sadece buradan yapıyorum. Telegram, Tiktok vb. kanalım veya grubum yoktur."
laplace2011,seed,Technical,tr,Devrim Akyıl Laplace’s Demon,245411,38434,667,0.33,40,Mon Sep 14 10:43,2,"#DevrimAkyil #Trader #currency #commodity #stocks #indices #PreciousMetals Bogazici University & TAC crossfit,Celtics,Patriots, GS"
TedPillows,following,,,Ted,0,0,11155,0.33,40,Tue Sep 15 16:20,3,"Survived 2 crypto cycles. Turning Bitcoin and Ethereum, on-chain data and macro signals into actionable trades. Research: ↓"
zulalmtn,following,,,Zülal Metin Hacıpaşaoğlu,0,0,48,0.33,40,Wed Dec 24 16:19,2,Equity Research Analyst @getmidas🚀 | Instructor @WinC300 💫 | Capital Market Level 3 | Derivatives Licence | Midas Podcast 🎙️
SantManukyan,seed+following,Macro,tr,Şant Manukyan,0,0,46,0.33,40,Tue Aug 18 09:18,0,Uluslararası Piyasalar . Hoca değil öğrenci.
arkham,following,,,Arkham,0,0,1942,0.3,40,Tue Sep 15 10:03,0,Trade with Intelligence 🔎
kaanarven,following,,,Kaan Arven,0,0,376,0.28,40,Fri Aug 21 10:12,1,"Bitcoin bir araç, esas olan sistem."
CryptoCred,seed,Technical,en,Cred,837266,28001,63,0.23,40,Wed Aug 19 22:49,1,"Always trader, often shitposter, sometimes educator. @breakoutprop"
TaviCosta,seed,Macro,en,Otavio (Tavi) Costa,322478,11411,337,0.23,40,Tue Sep 15 03:11,2,"Founder & CEO of Azuria Capital LLC. Macro thinker, history student, value-oriented investor. Native of Sao Paulo, Brazil 🇧🇷 E-mail: tavi@azuriacapital.com"
AswathDamodaran,following,,,Aswath Damodaran,0,0,35,0.23,40,Thu Sep 10 20:18,1,"Fascinated by finance & markets and like writing about them, but teaching is my passion."
burak_tamac,following,,,"Burak Tamaç, Ph.D.",0,0,409,0.23,40,Tue Sep 15 10:31,0,"🎓Adj. Prof. at Montclair State University, ex-CryptoQuant  ❝❞Bloomberg | CNBC | CoinDesk"
TuncSatiroglu,following,,,Tunç Şatıroğlu,0,0,2369,0.23,40,Tue Sep 15 12:16,0,English @kanalfinans Whatsapp ve Telegram grubum yoktur.  https://t.co/cfl1rcb2R1 National Media Authority Permit: 8354387 Financial Influencer Registration: 175
APompliano,seed,Crypto,en,Anthony Pompliano 🌪,2400749,86926,2430,0.2,40,Tue Sep 15 15:52,1,"Entrepreneur, investor, and lifelong learner.  Daily writing: https://t.co/tpCu2xhIBx Podcast: https://t.co/OaOmES2hv1  My second book: https://t.co/2W94vXav7i"
Trader_XO,seed,Technical,en,XO,549397,47629,298,0.2,40,Tue Sep 15 15:00,0,
GlobalMktObserv,seed,Quant,en,Global Markets Investor,94449,49267,8278,0.2,40,Tue Sep 15 15:35,3,Global Markets Investor is a financial research platform covering global markets and economies. Founded by a Wall Street equity and macro research professional.
amitisinvesting,following,,,amit,0,0,1217,0.2,40,Tue Sep 15 15:44,1,"breaking down tech, business, & stocks $PLTR"
CryptoCapo_,seed,Technical,en,il Capo,987727,16443,79,0.17,40,Sat Sep 12 10:24,5,"Independent market analyst, trader, and investor. Crypto since Feb 2017. Passionate about what I do.  Not financial advice.  ""Always seek truth"""
ZeroHedge_,following,,,Wick 🔥,0,0,1464,0.15,40,Tue Sep 15 01:58,2,Full-time options trader • 20 yrs • Macro + indicators = edge • Become an Alpha Vault member @TradingAlpha_ • Discord Link - https://t.co/uaNafbeDDN
MichaelMOTTCM,seed,Quant,en,Michael J. Kramer,176942,34581,8564,0.12,40,Tue Sep 15 16:04,3,"Independent Macro & Market Strategist | Founder, Mott Capital | https://t.co/aKPOeAdqyu"
KingKong9888,seed,Goldbug,en,Eric Yeung 👍🚀🌕,89576,143636,5081,0.12,40,Tue Sep 15 15:15,0,Geopolitical and economic effects on Precious Metals and commodities. Not financial advice. Opinions are my own.
LukeGromen,seed+following,Macro,en,Luke Gromen,0,0,1336,0.12,40,Tue Sep 15 16:29,0,"Founder & President, Forest for the Trees (FFTT).  Author of ""The Mr. X Interviews, Volumes I & II.”  I never solicit via DM's.  RT not endorsements."
tradingview,seed,Technical,en,TradingView,904180,153812,16,0.1,40,Thu Jun 11 16:44,1,"Where the world charts, chats, and trades markets."
MacroAlf,seed,Macro,en,Alf,466638,12228,50,0.1,40,Wed Jan 14 21:04,1,Founder of Palinuro Capital | Founder of The Macro Compass: Institutional Macro Research
davthewave,seed,Crypto,en,dave the wave🌊🌓,232833,51954,2825,0.1,40,Tue Sep 15 05:51,1,Referral Link: https://t.co/U5g9ELvdRL  Altcoin Trading: https://t.co/hjVaoGbgCS Articles: https://t.co/Nj3rWvBzWh
RyanDetrick,seed,Quant,en,"Ryan Detrick, CMT",223261,73432,5059,0.1,40,Tue Sep 15 12:38,2,Chief Market Strategist at @CarsonGroupLLC  🔎 for the perfect BBQ Host to the Facts vs Feelings podcast CNBC Contributor   Portfolio Manager to +$8B in AUM
Barchart,following,,,Barchart,0,0,8262,0.1,40,Tue Sep 15 08:30,4,Financial Markets | Trading & Investing Tools | Charting | Stocks | Options | Futures | Commodities | Forex | News
KobeissiLetter,seed,Quant,en,The Kobeissi Letter,2627054,33240,6856,0.07,40,Tue Sep 15 16:18,1,"Official X account for The Kobeissi Letter, an industry leading commentary on the global capital markets. Email us: support@thekobeissiletter.com"
RaoulGMI,seed,Macro,en,Raoul Pal,1497009,60896,896,0.07,40,Mon Sep 14 23:03,2,"Founder/CEO Global Macro Investor, @RealVision. Figuring things out at the nexus of Macro, Web3 & the Exponential Age. Not a guru."
GarethSoloway,seed,Technical,en,Gareth Soloway,245279,22540,89,0.07,40,Sun Sep 13 22:48,3,"27 yr Pro Trader | Technical Analysis, Logic, Probability, Psychology, Institutional Analysis | Stock/ETF Alerts, Crypto Alerts, Commodity Alerts"
PeterLBrandt,seed+following,Technical,en,The Factor Report,0,0,1060,0.07,40,Tue Sep 15 15:59,3,Premier site for classical chart analysis of futures markets. Trader for five decades. Market Wizard. Author. Membership Factor Report https://t.co/83DcDyF2SE
PeterSchiff,seed+following,Goldbug,en,Peter Schiff,0,0,2543,0.07,40,Tue Sep 15 16:18,2,"Chief Economist & Global Strategist https://t.co/X35usGhhgW, Chairman https://t.co/ulhU3vptUb, Founder https://t.co/zB1vZlRBGh, Host https://t.co/XazFnrIREg, Best-selling Author"
ProfKayaFinance,following,,,Kaya Finance,0,0,2974,0.07,40,Tue Sep 15 14:11,1,"✨️ Yapay Zeka,Bulut ve Siber Güvenlik (Okuduğum ve Kişisel Düşüncelerim) Nasdaq S&P 500  profkayafinance@gmail.com"
burrytracker,following,,,Michael Burry Stock Tracker ♟,0,0,1042,0.07,40,Tue Sep 15 16:35,1,Tracking hedge funds and Burry’s stocks.   Powered by @joinautopilot
forinvestapp,following,,,ForInvest,0,0,431,0.07,40,Tue Sep 15 07:47,1,Takip. Analiz. Yatırım. Hepsi tek uygulamada! Hemen indir. 📲 👇🏻 https://t.co/282r7zAMaa
ergun_unutmaz,following,,,Ergun Unutmaz,0,0,99,0.07,40,Sat Jul 25 11:18,1,Economist |   📚 BA in Economics  ⚙️ MSc in Econometrics 🇪🇺 MA in European Economic Studies  https://t.co/JdS0V7kQ5a
CryptoHayes,seed,Crypto,en,Arthur Hayes,813033,2832,1113,0.05,40,Tue Sep 15 09:28,1,"Arthur Hayes, CEO of @Flop_Labs & CIO @Maelstromfund"
markminervini,seed,Technical,en,Mark Minervini,764755,38437,814,0.05,40,Tue Sep 15 16:32,2,Author Trade Like A Stock Market Wizard and Think & Trade Like a Champion. Featured in Stock Market Wizard by Jack Schwager. Before following read disclosure.
iriscibre,seed,Macro,tr,İris Cibre Lostar 🐦,310927,88303,2751,0.05,40,Tue Sep 15 16:22,1,Phoenix Consultancy  CMBT Licensed Financial Markets Exec. https://t.co/kHjP5pfG1I https://t.co/nRsuvSD7M2 iriscibre@consultphoenix.net
LawrenceLepard,seed,Goldbug,en,"Lawrence Lepard, ""fix the money, fix the world""",257614,93500,1857,0.05,40,Tue Sep 15 15:34,5,"Investment Manager, Equity Management Associates,LLC. Sound money advocate. Gold stock fund manager. Austrian economist. Anti-Federalist. CrossFit Athlete. #BTC"
fundstrat,following,,,Thomas (Tom) Lee (not drummer) FundstratDirect.com,0,0,2958,0.05,40,Tue Sep 15 16:19,1,CIO Fundstrat Capital @FundstratCap $GRNY $GRNJ| Research @fundstratdirect | @CNBC FT contr. | Chairman Bitmine @BitMNR $BMNR $BMNP | Wikipedia: https://t.co/8QsXKpzGT7
MarioNawfal,following,,,Mario Nawfal,0,0,14600,0.05,40,Tue Sep 15 16:47,1,"Largest Show on X (Live Daily 10am-8pm ET) | 24x7 Writers Covering News | Investor 700+ Startups | Founder @ibcgroupio , https://t.co/sw7OQ5KOqu"
citrini,following,,,Citrini,0,0,346,0.05,40,Sat Sep 12 23:27,0,"Thematic, Cross-Asset Investment Research"
kivancozbilgic,following,,,Kıvanç Özbilgiç,0,0,84,0.05,40,Tue Sep 15 16:18,0,"ARTIK SIRA; Algoritmik formüllere, Otomatik al sat yapan robotlara, Duygulara yer olmayan bilgisayar işlemlerine geldi. ASIL SORU ŞU: Siz bunun neresindesiniz❓"
milesdeutscher,following,,,Miles Deutscher,0,0,2327,0.05,40,Tue Sep 15 14:39,0,Obsessed with AI. Tweets aren’t financial advice. Building @aiedge_.
mahfiegilmez,following,,,Mahfi Eğilmez,0,0,1656,0.05,40,Tue Sep 15 12:40,0,"İktisatçı, yazar."
LynAldenContact,seed,Macro,en,Lyn Alden,1136126,34837,522,0.03,40,Tue Sep 15 16:20,1,Author of Broken Money & The Stolguard Incident. Investor with a blended engineering/finance background. GP @egodeathcapital. Director at Bakkt & @Swan.
charliebilello,seed,Quant,en,Charlie Bilello,866238,39288,4354,0.03,40,Tue Sep 15 02:10,3,Chief Market Strategist @ Creative Planning   Investor | Writer | Reader | Thinker  Trying to become a little wiser every day.
biancoresearch,seed,Macro,en,Jim Bianco,776662,45312,639,0.03,40,Tue Sep 15 15:33,1,Macro investment research at https://t.co/hQqAza8GGP  Our total return index is at https://t.co/vta9eqevnU The ETF WTBN tracks our Index.  biancoresearch.eth
Schuldensuehner,seed,Goldbug,en,Holger Zschaepitz,386116,84686,543,0.03,40,Tue Sep 15 10:09,1,Holger Zschäpitz is market maniac @Welt and Author of 'Schulden ohne Sühne?' a book on states' addiction to debt. Pics: https://t.co/0T7FGGZvLQ
DiMartinoBooth,seed,Macro,en,Danielle DiMartino Booth,338141,154245,2939,0.03,40,Tue Sep 15 15:31,2,"CEO & Chief Strategist, QI Research LLC,  Fmr Federal Reserve insider, Economist #FedUp https://t.co/HD8LtvuXJ8, https://t.co/QpwfxheMSJ"
MacroCharts,seed,Quant,en,Macro Charts,197430,1324,126,0.03,40,Sat Sep 12 11:24,2,"30 years in markets. ex-Fund Manager, now independent. Focus on BIG trends, actionable ideas, and execution."
SoberLook,seed,Quant,en,(((The Daily Shot))),170084,31825,348,0.03,40,Tue Sep 15 13:43,0,"The Daily Shot is a graphical, no-hype global financial and economic newsletter (see sample: https://t.co/HjT4hq9I8N)."
TechCharts,following,,,"Aksel Kibar, CMT",0,0,5711,0.03,40,Tue Sep 15 07:29,3,Chartered Market Technician (CMT) and Classical chart trader. Ex-Fund manager.  📈 ➡️  https://t.co/VSwr0eryIS    📺 ➡️ https://t.co/XFZI3RE8aj
Brad_Setser,following,,,Brad Setser,0,0,1324,0.03,40,Tue Sep 15 15:36,1,"CFR senior fellow.  Views are my own. Writes on sovereign debt, trade, fx reserves and capital flows."
GavinSBaker,following,,,Gavin Baker,0,0,556,0.03,40,Mon Sep 14 18:20,1,"Managing Partner & CIO, @atreidesmgmt. Husband, @l3eckyy. No investment advice, views my own. https://t.co/pFe9KmNu9U"
matt_levine,following,,,Matt Levine,0,0,190,0.03,40,Mon Sep 14 18:46,1,lunch valuation analyst
zerohedge,seed+following,Quant,en,zerohedge,0,0,14600,0.03,40,Tue Sep 15 16:44,0,
AtillaYesilada1,following,,,Atilla Yesilada,0,0,14600,0.03,40,Tue Sep 15 16:25,0,"A student of all things related   to humanity. Fan of  cult sci-fi  horror flicks, loves all eggplant dishes. Motto:  Live and let live"
ProfDemirtas,following,,,Özgür Demirtaş,0,0,916,0.03,40,Tue Sep 15 10:25,0,"Akademisyen,15 yıl ABD,Şimdi @sabanciu Finans Kürsü Başkanı.Uzmanlık: Finans. İlgi-Alanları: Teknoloji-Uzay-Tıp. For Tweets in English @OzgurinEnglish"
perihantantug,following,,,Perihan Tantuğ,0,0,43,0.03,40,Sun Mar 01 21:28,0,"Genel Yayın Yönetmeni @Ekoturktv  Ekonomi hakkında yazar,çizer,konuşur,soru sorar."
RayDalio,following,,,Ray Dalio,0,0,560,0.03,40,Mon Sep 14 22:55,0,"Official account of Ray Dalio, founder of Bridgewater Associates, author of #1 New York Times bestseller 'Principles,' professional mistake maker"
Pentosh1,seed,Crypto,en,🐧,949231,3069,865,0.0,40,Tue Sep 15 13:55,0,full time larp
hendry_hugh,seed,Macro,en,Hugh Hendry Acid Capitalist TV,98031,15775,6663,0.0,40,Tue Sep 15 01:18,3,"Global macro hedge fund guy distilling market insights via his alter-ego, the acid capitalist. ✉️ Summer Camp: https://t.co/HtFDwYPWmi"
GameofTrades_,seed,Macro,en,Game of Trades,3263,1297,0,0,0,,0,
atillayesilada,seed,Macro,tr,Atilla Yeşilada,1969,0,0,0,0,,0,
erkanoz,seed,Macro,tr,Erkan Öz,55,123,0,0.0,1,Sat Nov 06 08:26,0,
emrealkin,seed,Macro,tr,emre alkin,32,3,0,0,0,,0,
jam_croissant,following,,,Cem Karsan 🥐,0,0,3581,0.0,40,Tue Sep 15 05:41,2,"Founder, Kai Wealth. 27y Quant/Vol/Flow/Macro PM. Ex-MMaker,+10% of SPXOpt’s‘06-10 @phillipsacademy, @RiceAlumni,@KelloggAlumni, Vanna-Charmer🐍,🚫Invest Advice"
isyatirim,following,,,İş Yatırım,0,0,2101,0.0,40,Tue Sep 15 06:36,1,Bir İş'iniz de Yatırım Olsun! Youtube Kanalımıza Abone Olun! https://t.co/EpNuNJsg1H… bilgi@isyatirim.com.tr  212 350 24 24
JosephEStiglitz,following,,,Joseph E. Stiglitz,0,0,41,0.0,40,Fri Oct 10 15:11,1,"The official account of Joseph E. Stiglitz, Nobel laureate economist  @Columbia University. Co-president @policy_dialogue. Co-chair @icrict. Photo: @gaplump."
uttam_singhk,following,,,Uttam,0,0,1033,0.0,40,Tue Sep 15 14:30,1,growth @alchemy | crypto x ai | helping builders → https://t.co/1oeeLtKvKi
standwithcrypto,following,,,Stand With Crypto🛡️,0,0,1226,0.0,40,Tue Sep 15 16:00,1,"America's leading crypto advocacy organization. A grassroots hub empowering crypto users, builders, and supporters to make their voices heard.🛡️"
RefetGurkaynak,following,,,Refet Gürkaynak,0,0,36,0.0,40,Tue Sep 15 08:08,1,İktisatçı/Economist--Kamuya acik sayfa--Public Twitter account
peterthiel,following,,,Peter Thiel,0,0,0,0.0,1,Mon Sep 08 21:15,1,"Technology entrepreneur, investor, philanthropist."
yurtdisihisse,following,,,Yurtdışı Hisse,0,0,0,0,0,,1,"""Wall Street, dünyanın en muhteşem gösterisidir."" Yurtdışı piyasalardan gelişmeleri aktarır. Yatırım tavsiyesi içermez."
thebc12,following,,,evan (thebc12.base.eth),0,0,241,0.0,40,Tue Sep 15 16:09,1,"Talent @ @harmonic_ai  crypto, reality tv, snark. fmr: Twitter, Tumblr, Kickstarter, crypto startups"
durdn,following,,,Nicola Paolucci,0,0,7,0.0,40,Sun Jun 18 20:51,1,"Ex-Atlassian. Public speaker & writer. Investor & advisor. Meta-modeller. Pathologically overenthusiastic. Slightly unhinged. Trying to be present,here and now."
arishahdadi,following,,,Ari Shahdadi,0,0,182,0.0,13,Sun Sep 13 12:32,1,Somewhere between Catholic monarchist and market-Leninist.
cdixon,following,,,Chris Dixon,0,0,28,0.0,40,Mon Sep 14 20:08,1,"Programming, philosophy, history, internet, startups, crypto. Managing Partner @a16zcrypto. See disclosures: https://t.co/Ov6kKJAUpq"
peteskomoroch,following,,,Pete Skomoroch,0,0,5224,0.0,40,Tue Sep 15 02:50,1,"Investor and AI startup founder. Focus: AI, LLMs, LifeOps, AI Product Management. Was founder @SkipFlag. EIR @Accel. Data Science & ML @LinkedIn, @AOL & @MIT"
MrCollaborative,following,,,Matthew Richardson,0,0,56,0.0,40,Sun Oct 01 14:45,1,"Business leader, trend-watcher, technologist, social media strategist, planner & entrepreneur. http://t.co/viUhModNPf"
onderozbek,following,,,Onder Ozbek,0,0,1,0.0,6,Mon Dec 16 19:26,1,"blockchain enthusiast, musician, pm @ facebook"
yakupcukuryurt,following,,,"Yakup Çukuryurt,PhD,Atty",0,0,0,0,0,,1,...Dr.Economist | Lawyer | Engineer...
ozandemiroz,following,,,ozandemiroz,0,0,0,0,0,,1,Immobilien Investor
TheGoldTelegraph,seed,Goldbug,en,,,,0,0,0,,,
islamicgoldking,seed,Goldbug,tr,,,,0,0,0,,,
ArtuncKocabalkan,seed,Technical,tr,,,,0,0,0,,,
SelcukGecer,seed,Technical,tr,,,,0,0,0,,,
kanaldfinans,seed,Technical,tr,,,,0,0,0,,,
woonomic,seed,Crypto,en,,,,0,0,0,,,
BTC_Archive,seed,Crypto,en,,,,0,0,0,,,
Ashcryptoreal,seed,Crypto,en,,,,0,0,0,,,
bitcoinlovekang,seed,Crypto,tr,,,,0,0,0,,,
BarchartCrypto,seed,Quant,en,,,,0,0,0,,,
HedgeyeHQ,seed,Quant,en,,,,0,0,0,,,
hamptonism,following,,,ₕₐₘₚₜₒₙ,0,0,14600,0.0,40,Tue Sep 15 16:03,0,@SurmountInvest Investment Management. Palantir to 400.
chickengenius,following,,,Chicken Genius,0,0,106,0.0,40,Tue Sep 15 07:26,0,"Nothing to sell you. ZERO. No private groups, IG, telegram, NOTHING. Don't be dumb sending ""ME"" $$$"
BillAckman,following,,,Bill Ackman,0,0,2500,0.0,40,Mon Sep 14 15:33,0,"CEO Pershing Square, Co-trustee @PershingSqFdn"
yanisvaroufakis,following,,,Yanis Varoufakis,0,0,342,0.0,40,Tue Sep 15 04:52,0,"Economics professor, quietly writing obscure economic texts for years, until thrust onto the public scene by Europe's inane handling of an inevitable crisis"
nntaleb,following,,,Nassim Nicholas Taleb,0,0,1032,0.0,40,Tue Sep 15 15:59,0,"Flaneur: probability (philosophy), probability (mathematics), probability (real life),Phoenician wine, deadlifts & dead languages. Greco-Levantine.Canaan. #RWRI"
michaeljburry,following,,,Cassandra Unchained,0,0,306,0.0,40,Tue Sep 15 13:24,0,"Official X account for Michael Burry, MD, called ""Cassandra"" by Warren Buffett. Now on Substack https://t.co/6vvNTweTWd"
litcapital,following,,,litquidity,0,0,1534,0.0,40,Tue Sep 15 15:58,0,founder @litquidityvc // newsletters @exec_sum & @cryptosum_ // @baincapvc scout // trade on polymarket: https://t.co/kXGzvIdxOS
SinaAfra,following,,,Sina Afra,0,0,79,0.0,40,Fri Sep 11 09:47,0,"Entrepreneur. Building companies, backing founders. Thinking in cycles."
